game_id,error
6483556,"Unknown datetime string format, unable to parse: 02/14/2026 TBA, at position 0"
6483562,"Unknown datetime string format, unable to parse: 03/04/2026 TBA, at position 0"
6486250,"Unknown datetime string format, unable to parse: 03/03/2026 TBA, at position 0"
6486255,"Unknown datetime string format, unable to parse: 03/13/2026 TBA, at position 0"
6486256,"Unknown datetime string format, unable to parse: 03/14/2026 TBA, at position 0"
6486627,"Unknown datetime string format, unable to parse: 02/25/2026 TBA, at position 0"
6486633,"Unknown datetime string format, unable to parse: 03/06/2026 TBA, at position 0"
6489255,"Unknown datetime string format, unable to parse: 02/14/2026 TBA, at position 0"
6489262,"Unknown datetime string format, unable to parse: 02/22/2026 TBA, at position 0"
6489268,"Unknown datetime string format, unable to parse: 03/07/2026 TBA, at position 0"
6489280,"Unknown datetime string format, unable to parse: 03/27/2026 TBA, at position 0"
6489281,"Unknown datetime string format, unable to parse: 03/28/2026 TBA, at position 0"
6489282,"Unknown datetime string format, unable to parse: 03/29/2026 TBA, at position 0"
6490187,"Page.wait_for_selector: Timeout 30000ms exceeded.
Call log:
  - waiting for locator(""table"") to be visible
"
6490188,"Page.wait_for_selector: Timeout 30000ms exceeded.
Call log:
  - waiting for locator(""table"") to be visible
"
6490189,"Page.wait_for_selector: Timeout 30000ms exceeded.
Call log:
  - waiting for locator(""table"") to be visible
"
6490193,"Page.wait_for_selector: Timeout 30000ms exceeded.
Call log:
  - waiting for locator(""table"") to be visible
"
6500631,"Page.wait_for_timeout: Target page, context or browser has been closed"
6500632,"Page.goto: Target page, context or browser has been closed"
6500634,"Page.goto: Target page, context or browser has been closed"
6500635,"Page.goto: Target page, context or browser has been closed"
6500637,"Page.goto: Target page, context or browser has been closed"
6500638,"Page.goto: Target page, context or browser has been closed"
6500639,"Page.goto: Target page, context or browser has been closed"
6500640,"Page.goto: Target page, context or browser has been closed"
6500641,"Page.goto: Target page, context or browser has been closed"
6500642,"Page.goto: Target page, context or browser has been closed"
6500643,"Page.goto: Target page, context or browser has been closed"
6500644,"Page.goto: Target page, context or browser has been closed"
6500645,"Page.goto: Target page, context or browser has been closed"
6500646,"Page.goto: Target page, context or browser has been closed"
6500647,"Page.goto: Target page, context or browser has been closed"
6500648,"Page.goto: Target page, context or browser has been closed"
6500649,"Page.goto: Target page, context or browser has been closed"
6500650,"Page.goto: Target page, context or browser has been closed"
6500651,"Page.goto: Target page, context or browser has been closed"
6500652,"Page.goto: Target page, context or browser has been closed"
6500653,"Page.goto: Target page, context or browser has been closed"
6500654,"Page.goto: Target page, context or browser has been closed"
6500655,"Page.goto: Target page, context or browser has been closed"
6500657,"Page.goto: Target page, context or browser has been closed"
6500658,"Page.goto: Target page, context or browser has been closed"
6500659,"Page.goto: Target page, context or browser has been closed"
6500662,"Page.goto: Target page, context or browser has been closed"
6500938,"Page.goto: Target page, context or browser has been closed"
6500939,"Page.goto: Target page, context or browser has been closed"
6500940,"Page.goto: Target page, context or browser has been closed"
6500941,"Page.goto: Target page, context or browser has been closed"
6500942,"Page.goto: Target page, context or browser has been closed"
6500943,"Page.goto: Target page, context or browser has been closed"
6500944,"Page.goto: Target page, context or browser has been closed"
6500945,"Page.goto: Target page, context or browser has been closed"
6500946,"Page.goto: Target page, context or browser has been closed"
6500947,"Page.goto: Target page, context or browser has been closed"
6500948,"Page.goto: Target page, context or browser has been closed"
6500949,"Page.goto: Target page, context or browser has been closed"
6500950,"Page.goto: Target page, context or browser has been closed"
6500951,"Page.goto: Target page, context or browser has been closed"
6500952,"Page.goto: Target page, context or browser has been closed"
6500953,"Page.goto: Target page, context or browser has been closed"
6500954,"Page.goto: Target page, context or browser has been closed"
6500955,"Page.goto: Target page, context or browser has been closed"
6501266,"Page.goto: Target page, context or browser has been closed"
6501270,"Page.goto: Target page, context or browser has been closed"
6501271,"Page.goto: Target page, context or browser has been closed"
6501272,"Page.goto: Target page, context or browser has been closed"
6501273,"Page.goto: Target page, context or browser has been closed"
6501274,"Page.goto: Target page, context or browser has been closed"
6501275,"Page.goto: Target page, context or browser has been closed"
6501276,"Page.goto: Target page, context or browser has been closed"
6501277,"Page.goto: Target page, context or browser has been closed"
6501280,"Page.goto: Target page, context or browser has been closed"
6501281,"Page.goto: Target page, context or browser has been closed"
6501282,"Page.goto: Target page, context or browser has been closed"
6501284,"Page.goto: Target page, context or browser has been closed"
6501285,"Page.goto: Target page, context or browser has been closed"
6501286,"Page.goto: Target page, context or browser has been closed"
6501287,"Page.goto: Target page, context or browser has been closed"
6501288,"Page.goto: Target page, context or browser has been closed"
6501289,"Page.goto: Target page, context or browser has been closed"
6501290,"Page.goto: Target page, context or browser has been closed"
6501292,"Page.goto: Target page, context or browser has been closed"
6501294,"Page.goto: Target page, context or browser has been closed"
6501296,"Page.goto: Target page, context or browser has been closed"
6501297,"Page.goto: Target page, context or browser has been closed"
6501299,"Page.goto: Target page, context or browser has been closed"
6501300,"Page.goto: Target page, context or browser has been closed"
6501304,"Page.goto: Target page, context or browser has been closed"
6501306,"Page.goto: Target page, context or browser has been closed"
6501307,"Page.goto: Target page, context or browser has been closed"
6501371,"Page.goto: Target page, context or browser has been closed"
6501413,"Page.goto: Target page, context or browser has been closed"
6501416,"Page.goto: Target page, context or browser has been closed"
6501418,"Page.goto: Target page, context or browser has been closed"
6501420,"Page.goto: Target page, context or browser has been closed"
6501422,"Page.goto: Target page, context or browser has been closed"
6501425,"Page.goto: Target page, context or browser has been closed"
6501428,"Page.goto: Target page, context or browser has been closed"
6501429,"Page.goto: Target page, context or browser has been closed"
6501430,"Page.goto: Target page, context or browser has been closed"
6501432,"Page.goto: Target page, context or browser has been closed"
6501433,"Page.goto: Target page, context or browser has been closed"
6501436,"Page.goto: Target page, context or browser has been closed"
6501437,"Page.goto: Target page, context or browser has been closed"
6501439,"Page.goto: Target page, context or browser has been closed"
6501440,"Page.goto: Target page, context or browser has been closed"
6501442,"Page.goto: Target page, context or browser has been closed"
6501444,"Page.goto: Target page, context or browser has been closed"
6501446,"Page.goto: Target page, context or browser has been closed"
6501447,"Page.goto: Target page, context or browser has been closed"
6501449,"Page.goto: Target page, context or browser has been closed"
6501450,"Page.goto: Target page, context or browser has been closed"
6501452,"Page.goto: Target page, context or browser has been closed"
6501454,"Page.goto: Target page, context or browser has been closed"
6501455,"Page.goto: Target page, context or browser has been closed"
6501458,"Page.goto: Target page, context or browser has been closed"
6501459,"Page.goto: Target page, context or browser has been closed"
6501461,"Page.goto: Target page, context or browser has been closed"
6501463,"Page.goto: Target page, context or browser has been closed"
6501466,"Page.goto: Target page, context or browser has been closed"
6501468,"Page.goto: Target page, context or browser has been closed"
6501469,"Page.goto: Target page, context or browser has been closed"
6501471,"Page.goto: Target page, context or browser has been closed"
6501473,"Page.goto: Target page, context or browser has been closed"
6501474,"Page.goto: Target page, context or browser has been closed"
6501475,"Page.goto: Target page, context or browser has been closed"
6501477,"Page.goto: Target page, context or browser has been closed"
6501479,"Page.goto: Target page, context or browser has been closed"
6501480,"Page.goto: Target page, context or browser has been closed"
6501483,"Page.goto: Target page, context or browser has been closed"
6501484,"Page.goto: Target page, context or browser has been closed"
6501485,"Page.goto: Target page, context or browser has been closed"
6501486,"Page.goto: Target page, context or browser has been closed"
6501543,"Page.goto: Target page, context or browser has been closed"
6501552,"Page.goto: Target page, context or browser has been closed"
6501566,"Page.goto: Target page, context or browser has been closed"
6501571,"Page.goto: Target page, context or browser has been closed"
6501578,"Page.goto: Target page, context or browser has been closed"
6501580,"Page.goto: Target page, context or browser has been closed"
6501583,"Page.goto: Target page, context or browser has been closed"
6501584,"Page.goto: Target page, context or browser has been closed"
6501587,"Page.goto: Target page, context or browser has been closed"
6501588,"Page.goto: Target page, context or browser has been closed"
6501589,"Page.goto: Target page, context or browser has been closed"
6501591,"Page.goto: Target page, context or browser has been closed"
6501594,"Page.goto: Target page, context or browser has been closed"
6501595,"Page.goto: Target page, context or browser has been closed"
6501598,"Page.goto: Target page, context or browser has been closed"
6501600,"Page.goto: Target page, context or browser has been closed"
6501610,"Page.goto: Target page, context or browser has been closed"
6501611,"Page.goto: Target page, context or browser has been closed"
6501613,"Page.goto: Target page, context or browser has been closed"
6501614,"Page.goto: Target page, context or browser has been closed"
6501616,"Page.goto: Target page, context or browser has been closed"
6501618,"Page.goto: Target page, context or browser has been closed"
6501619,"Page.goto: Target page, context or browser has been closed"
6501621,"Page.goto: Target page, context or browser has been closed"
6501625,"Page.goto: Target page, context or browser has been closed"
6501629,"Page.goto: Target page, context or browser has been closed"
6501630,"Page.goto: Target page, context or browser has been closed"
6501633,"Page.goto: Target page, context or browser has been closed"
6501634,"Page.goto: Target page, context or browser has been closed"
6501636,"Page.goto: Target page, context or browser has been closed"
6501641,"Page.goto: Target page, context or browser has been closed"
6501644,"Page.goto: Target page, context or browser has been closed"
6501646,"Page.goto: Target page, context or browser has been closed"
6501647,"Page.goto: Target page, context or browser has been closed"
6501653,"Page.goto: Target page, context or browser has been closed"
6501655,"Page.goto: Target page, context or browser has been closed"
6501658,"Page.goto: Target page, context or browser has been closed"
6501660,"Page.goto: Target page, context or browser has been closed"
6501662,"Page.goto: Target page, context or browser has been closed"
6501665,"Page.goto: Target page, context or browser has been closed"
6501668,"Page.goto: Target page, context or browser has been closed"
6501670,"Page.goto: Target page, context or browser has been closed"
6501735,"Page.goto: Target page, context or browser has been closed"
6501739,"Page.goto: Target page, context or browser has been closed"
6501742,"Page.goto: Target page, context or browser has been closed"
6501748,"Page.goto: Target page, context or browser has been closed"
6501751,"Page.goto: Target page, context or browser has been closed"
6501754,"Page.goto: Target page, context or browser has been closed"
6501755,"Page.goto: Target page, context or browser has been closed"
6501758,"Page.goto: Target page, context or browser has been closed"
6501759,"Page.goto: Target page, context or browser has been closed"
6501760,"Page.goto: Target page, context or browser has been closed"
6501761,"Page.goto: Target page, context or browser has been closed"
6501763,"Page.goto: Target page, context or browser has been closed"
6501764,"Page.goto: Target page, context or browser has been closed"
6501765,"Page.goto: Target page, context or browser has been closed"
6501766,"Page.goto: Target page, context or browser has been closed"
6501769,"Page.goto: Target page, context or browser has been closed"
6501772,"Page.goto: Target page, context or browser has been closed"
6501775,"Page.goto: Target page, context or browser has been closed"
6501776,"Page.goto: Target page, context or browser has been closed"
6501777,"Page.goto: Target page, context or browser has been closed"
6501778,"Page.goto: Target page, context or browser has been closed"
6501779,"Page.goto: Target page, context or browser has been closed"
6501780,"Page.goto: Target page, context or browser has been closed"
6501782,"Page.goto: Target page, context or browser has been closed"
6501783,"Page.goto: Target page, context or browser has been closed"
6501785,"Page.goto: Target page, context or browser has been closed"
6501786,"Page.goto: Target page, context or browser has been closed"
6501787,"Page.goto: Target page, context or browser has been closed"
6501790,"Page.goto: Target page, context or browser has been closed"
6501791,"Page.goto: Target page, context or browser has been closed"
6501792,"Page.goto: Target page, context or browser has been closed"
6501793,"Page.goto: Target page, context or browser has been closed"
6501796,"Page.goto: Target page, context or browser has been closed"
6501858,"Page.goto: Target page, context or browser has been closed"
6501861,"Page.goto: Target page, context or browser has been closed"
6501867,"Page.goto: Target page, context or browser has been closed"
6501869,"Page.goto: Target page, context or browser has been closed"
6501871,"Page.goto: Target page, context or browser has been closed"
6501872,"Page.goto: Target page, context or browser has been closed"
6501874,"Page.goto: Target page, context or browser has been closed"
6501875,"Page.goto: Target page, context or browser has been closed"
6501876,"Page.goto: Target page, context or browser has been closed"
6501877,"Page.goto: Target page, context or browser has been closed"
6501878,"Page.goto: Target page, context or browser has been closed"
6501881,"Page.goto: Target page, context or browser has been closed"
6501884,"Page.goto: Target page, context or browser has been closed"
6501888,"Page.goto: Target page, context or browser has been closed"
6501890,"Page.goto: Target page, context or browser has been closed"
6501893,"Page.goto: Target page, context or browser has been closed"
6501894,"Page.goto: Target page, context or browser has been closed"
6501896,"Page.goto: Target page, context or browser has been closed"
6501898,"Page.goto: Target page, context or browser has been closed"
6501900,"Page.goto: Target page, context or browser has been closed"
6501903,"Page.goto: Target page, context or browser has been closed"
6501904,"Page.goto: Target page, context or browser has been closed"
6501905,"Page.goto: Target page, context or browser has been closed"
6501907,"Page.goto: Target page, context or browser has been closed"
6501909,"Page.goto: Target page, context or browser has been closed"
6501911,"Page.goto: Target page, context or browser has been closed"
6501912,"Page.goto: Target page, context or browser has been closed"
6501917,"Page.goto: Target page, context or browser has been closed"
6501918,"Page.goto: Target page, context or browser has been closed"
6501921,"Page.goto: Target page, context or browser has been closed"
6501928,"Page.goto: Target page, context or browser has been closed"
6501929,"Page.goto: Target page, context or browser has been closed"
6501931,"Page.goto: Target page, context or browser has been closed"
6502253,"Page.goto: Target page, context or browser has been closed"
6502259,"Page.goto: Target page, context or browser has been closed"
6502331,"Page.goto: Target page, context or browser has been closed"
6502334,"Page.goto: Target page, context or browser has been closed"
6502336,"Page.goto: Target page, context or browser has been closed"
6502338,"Page.goto: Target page, context or browser has been closed"
6502340,"Page.goto: Target page, context or browser has been closed"
6502342,"Page.goto: Target page, context or browser has been closed"
6502345,"Page.goto: Target page, context or browser has been closed"
6502347,"Page.goto: Target page, context or browser has been closed"
6502350,"Page.goto: Target page, context or browser has been closed"
6502354,"Page.goto: Target page, context or browser has been closed"
6502359,"Page.goto: Target page, context or browser has been closed"
6502362,"Page.goto: Target page, context or browser has been closed"
6502364,"Page.goto: Target page, context or browser has been closed"
6502366,"Page.goto: Target page, context or browser has been closed"
6502371,"Page.goto: Target page, context or browser has been closed"
6502373,"Page.goto: Target page, context or browser has been closed"
6502374,"Page.goto: Target page, context or browser has been closed"
6502377,"Page.goto: Target page, context or browser has been closed"
6502382,"Page.goto: Target page, context or browser has been closed"
6502384,"Page.goto: Target page, context or browser has been closed"
6502391,"Page.goto: Target page, context or browser has been closed"
6502394,"Page.goto: Target page, context or browser has been closed"
6502395,"Page.goto: Target page, context or browser has been closed"
6507281,"Page.wait_for_timeout: Target page, context or browser has been closed"
6507282,"Page.goto: Target page, context or browser has been closed"
6507284,"Page.goto: Target page, context or browser has been closed"
6507286,"Page.goto: Target page, context or browser has been closed"
6507287,"Page.goto: Target page, context or browser has been closed"
6507289,"Page.goto: Target page, context or browser has been closed"
6507420,"Page.goto: Target page, context or browser has been closed"
6507443,"Page.goto: Target page, context or browser has been closed"
6507446,"Page.goto: Target page, context or browser has been closed"
6507447,"Page.goto: Target page, context or browser has been closed"
6507448,"Page.goto: Target page, context or browser has been closed"
6507449,"Page.goto: Target page, context or browser has been closed"
6507450,"Page.goto: Target page, context or browser has been closed"
6507451,"Page.goto: Target page, context or browser has been closed"
6507452,"Page.goto: Target page, context or browser has been closed"
6507453,"Page.goto: Target page, context or browser has been closed"
6507454,"Page.goto: Target page, context or browser has been closed"
6507455,"Page.goto: Target page, context or browser has been closed"
6507456,"Page.goto: Target page, context or browser has been closed"
6507457,"Page.goto: Target page, context or browser has been closed"
6507458,"Page.goto: Target page, context or browser has been closed"
6507459,"Page.goto: Target page, context or browser has been closed"
6507460,"Page.goto: Target page, context or browser has been closed"
6507461,"Page.goto: Target page, context or browser has been closed"
6507462,"Page.goto: Target page, context or browser has been closed"
6507463,"Page.goto: Target page, context or browser has been closed"
6507464,"Page.goto: Target page, context or browser has been closed"
6507465,"Page.goto: Target page, context or browser has been closed"
6507466,"Page.goto: Target page, context or browser has been closed"
6507467,"Page.goto: Target page, context or browser has been closed"
6507478,"Page.goto: Target page, context or browser has been closed"
6507479,"Page.goto: Target page, context or browser has been closed"
6507480,"Page.goto: Target page, context or browser has been closed"
6507481,"Page.goto: Target page, context or browser has been closed"
6507482,"Page.goto: Target page, context or browser has been closed"
6507483,"Page.goto: Target page, context or browser has been closed"
6507484,"Page.goto: Target page, context or browser has been closed"
6507486,"Page.goto: Target page, context or browser has been closed"
6507487,"Page.goto: Target page, context or browser has been closed"
6507488,"Page.goto: Target page, context or browser has been closed"
6507489,"Page.goto: Target page, context or browser has been closed"
6507490,"Page.goto: Target page, context or browser has been closed"
6507491,"Page.goto: Target page, context or browser has been closed"
6507493,"Page.goto: Target page, context or browser has been closed"
6507494,"Page.goto: Target page, context or browser has been closed"
6507495,"Page.goto: Target page, context or browser has been closed"
6507928,"Page.goto: Target page, context or browser has been closed"
6507930,"Page.goto: Target page, context or browser has been closed"
6507931,"Page.goto: Target page, context or browser has been closed"
6507932,"Page.goto: Target page, context or browser has been closed"
6507933,"Page.goto: Target page, context or browser has been closed"
6507934,"Page.goto: Target page, context or browser has been closed"
6507937,"Page.goto: Target page, context or browser has been closed"
6507940,"Page.goto: Target page, context or browser has been closed"
6507943,"Page.goto: Target page, context or browser has been closed"
6507947,"Page.goto: Target page, context or browser has been closed"
6507951,"Page.goto: Target page, context or browser has been closed"
6507954,"Page.goto: Target page, context or browser has been closed"
6507956,"Page.goto: Target page, context or browser has been closed"
6507958,"Page.goto: Target page, context or browser has been closed"
6507961,"Page.goto: Target page, context or browser has been closed"
6507964,"Page.goto: Target page, context or browser has been closed"
6508390,"Page.goto: Target page, context or browser has been closed"
6508394,"Page.goto: Target page, context or browser has been closed"
6508397,"Page.goto: Target page, context or browser has been closed"
6508409,"Page.goto: Target page, context or browser has been closed"
6508410,"Page.goto: Target page, context or browser has been closed"
6508411,"Page.goto: Target page, context or browser has been closed"
6508412,"Page.goto: Target page, context or browser has been closed"
6508414,"Page.goto: Target page, context or browser has been closed"
6508416,"Page.goto: Target page, context or browser has been closed"
6508418,"Page.goto: Target page, context or browser has been closed"
6508420,"Page.goto: Target page, context or browser has been closed"
6508421,"Page.goto: Target page, context or browser has been closed"
6508428,"Page.goto: Target page, context or browser has been closed"
6508430,"Page.goto: Target page, context or browser has been closed"
6508431,"Page.goto: Target page, context or browser has been closed"
6508434,"Page.goto: Target page, context or browser has been closed"
6508436,"Page.goto: Target page, context or browser has been closed"
6508437,"Page.goto: Target page, context or browser has been closed"
6508438,"Page.goto: Target page, context or browser has been closed"
6508439,"Page.goto: Target page, context or browser has been closed"
6508441,"Page.goto: Target page, context or browser has been closed"
6508442,"Page.goto: Target page, context or browser has been closed"
6508445,"Page.goto: Target page, context or browser has been closed"
6508447,"Page.goto: Target page, context or browser has been closed"
6508449,"Page.goto: Target page, context or browser has been closed"
6508451,"Page.goto: Target page, context or browser has been closed"
6508453,"Page.goto: Target page, context or browser has been closed"
6508454,"Page.goto: Target page, context or browser has been closed"
6508456,"Page.goto: Target page, context or browser has been closed"
6508458,"Page.goto: Target page, context or browser has been closed"
6508459,"Page.goto: Target page, context or browser has been closed"
6508461,"Page.goto: Target page, context or browser has been closed"
6508463,"Page.goto: Target page, context or browser has been closed"
6508465,"Page.goto: Target page, context or browser has been closed"
6508467,"Page.goto: Target page, context or browser has been closed"
6508469,"Page.goto: Target page, context or browser has been closed"
6508470,"Page.goto: Target page, context or browser has been closed"
6508471,"Page.goto: Target page, context or browser has been closed"
6508472,"Page.goto: Target page, context or browser has been closed"
6508473,"Page.goto: Target page, context or browser has been closed"
6508474,"Page.goto: Target page, context or browser has been closed"
6508476,"Page.goto: Target page, context or browser has been closed"
6508479,"Page.goto: Target page, context or browser has been closed"
6508480,"Page.goto: Target page, context or browser has been closed"
6508482,"Page.goto: Target page, context or browser has been closed"
6508484,"Page.goto: Target page, context or browser has been closed"
6508485,"Page.goto: Target page, context or browser has been closed"
6508486,"Page.goto: Target page, context or browser has been closed"
6508490,"Page.goto: Target page, context or browser has been closed"
6508493,"Page.goto: Target page, context or browser has been closed"
6508495,"Page.goto: Target page, context or browser has been closed"
6508724,"Page.goto: Target page, context or browser has been closed"
6508725,"Page.goto: Target page, context or browser has been closed"
6508727,"Page.goto: Target page, context or browser has been closed"
6508728,"Page.goto: Target page, context or browser has been closed"
6508732,"Page.goto: Target page, context or browser has been closed"
6508735,"Page.goto: Target page, context or browser has been closed"
6508738,"Page.goto: Target page, context or browser has been closed"
6508739,"Page.goto: Target page, context or browser has been closed"
6508740,"Page.goto: Target page, context or browser has been closed"
6508741,"Page.goto: Target page, context or browser has been closed"
6508742,"Page.goto: Target page, context or browser has been closed"
6508745,"Page.goto: Target page, context or browser has been closed"
6508748,"Page.goto: Target page, context or browser has been closed"
6508750,"Page.goto: Target page, context or browser has been closed"
6508751,"Page.goto: Target page, context or browser has been closed"
6508753,"Page.goto: Target page, context or browser has been closed"
6508758,"Page.goto: Target page, context or browser has been closed"
6508760,"Page.goto: Target page, context or browser has been closed"
6508762,"Page.goto: Target page, context or browser has been closed"
6508765,"Page.goto: Target page, context or browser has been closed"
6508767,"Page.goto: Target page, context or browser has been closed"
6508770,"Page.goto: Target page, context or browser has been closed"
6508771,"Page.goto: Target page, context or browser has been closed"
6508773,"Page.goto: Target page, context or browser has been closed"
6508777,"Page.goto: Target page, context or browser has been closed"
6508779,"Page.goto: Target page, context or browser has been closed"
6508781,"Page.goto: Target page, context or browser has been closed"
6508783,"Page.goto: Target page, context or browser has been closed"
6508787,"Page.goto: Target page, context or browser has been closed"
6508823,"Page.goto: Target page, context or browser has been closed"
6508865,"Page.goto: Target page, context or browser has been closed"
6508866,"Page.goto: Target page, context or browser has been closed"
6508867,"Page.goto: Target page, context or browser has been closed"
6508871,"Page.goto: Target page, context or browser has been closed"
6508874,"Page.goto: Target page, context or browser has been closed"
6508875,"Page.goto: Target page, context or browser has been closed"
6508876,"Page.goto: Target page, context or browser has been closed"
6508880,"Page.goto: Target page, context or browser has been closed"
6508882,"Page.goto: Target page, context or browser has been closed"
6508883,"Page.goto: Target page, context or browser has been closed"
6508885,"Page.goto: Target page, context or browser has been closed"
6508887,"Page.goto: Target page, context or browser has been closed"
6508888,"Page.goto: Target page, context or browser has been closed"
6508891,"Page.goto: Target page, context or browser has been closed"
6508893,"Page.goto: Target page, context or browser has been closed"
6508897,"Page.goto: Target page, context or browser has been closed"
6508898,"Page.goto: Target page, context or browser has been closed"
6508899,"Page.goto: Target page, context or browser has been closed"
6508900,"Page.goto: Target page, context or browser has been closed"
6508901,"Page.goto: Target page, context or browser has been closed"
6508902,"Page.goto: Target page, context or browser has been closed"
6508904,"Page.goto: Target page, context or browser has been closed"
6508906,"Page.goto: Target page, context or browser has been closed"
6508909,"Page.goto: Target page, context or browser has been closed"
6508910,"Page.goto: Target page, context or browser has been closed"
6508913,"Page.goto: Target page, context or browser has been closed"
6508915,"Page.goto: Target page, context or browser has been closed"
6508916,"Page.goto: Target page, context or browser has been closed"
6508919,"Page.goto: Target page, context or browser has been closed"
6508920,"Page.goto: Target page, context or browser has been closed"
6508922,"Page.goto: Target page, context or browser has been closed"
6508925,"Page.goto: Target page, context or browser has been closed"
6508926,"Page.goto: Target page, context or browser has been closed"
6508928,"Page.goto: Target page, context or browser has been closed"
6508929,"Page.goto: Target page, context or browser has been closed"
6508931,"Page.goto: Target page, context or browser has been closed"
6508933,"Page.goto: Target page, context or browser has been closed"
6508940,"Page.goto: Target page, context or browser has been closed"
6508941,"Page.goto: Target page, context or browser has been closed"
6508944,"Page.goto: Target page, context or browser has been closed"
6509042,"Page.goto: Target page, context or browser has been closed"
6509046,"Page.goto: Target page, context or browser has been closed"
6509049,"Page.goto: Target page, context or browser has been closed"
6509138,"Page.goto: Target page, context or browser has been closed"
6509141,"Page.goto: Target page, context or browser has been closed"
6509142,"Page.goto: Target page, context or browser has been closed"
6509144,"Page.goto: Target page, context or browser has been closed"
6509145,"Page.goto: Target page, context or browser has been closed"
6509146,"Page.goto: Target page, context or browser has been closed"
6509150,"Page.goto: Target page, context or browser has been closed"
6509155,"Page.goto: Target page, context or browser has been closed"
6509156,"Page.goto: Target page, context or browser has been closed"
6509158,"Page.goto: Target page, context or browser has been closed"
6509160,"Page.goto: Target page, context or browser has been closed"
6509161,"Page.goto: Target page, context or browser has been closed"
6509163,"Page.goto: Target page, context or browser has been closed"
6509165,"Page.goto: Target page, context or browser has been closed"
6509166,"Page.goto: Target page, context or browser has been closed"
6509169,"Page.goto: Target page, context or browser has been closed"
6509172,"Page.goto: Target page, context or browser has been closed"
6509175,"Page.goto: Target page, context or browser has been closed"
6509183,"Page.goto: Target page, context or browser has been closed"
6509184,"Page.goto: Target page, context or browser has been closed"
6509186,"Page.goto: Target page, context or browser has been closed"
6509188,"Page.goto: Target page, context or browser has been closed"
6509189,"Page.goto: Target page, context or browser has been closed"
6509190,"Page.goto: Target page, context or browser has been closed"
6509192,"Page.goto: Target page, context or browser has been closed"
6509194,"Page.goto: Target page, context or browser has been closed"
6509195,"Page.goto: Target page, context or browser has been closed"
6509196,"Page.goto: Target page, context or browser has been closed"
6509198,"Page.goto: Target page, context or browser has been closed"
6509199,"Page.goto: Target page, context or browser has been closed"
6509201,"Page.goto: Target page, context or browser has been closed"
6509203,"Page.goto: Target page, context or browser has been closed"
6509204,"Page.goto: Target page, context or browser has been closed"
6509205,"Page.goto: Target page, context or browser has been closed"
6509207,"Page.goto: Target page, context or browser has been closed"
6509208,"Page.goto: Target page, context or browser has been closed"
6509210,"Page.goto: Target page, context or browser has been closed"
6509211,"Page.goto: Target page, context or browser has been closed"
6509213,"Page.goto: Target page, context or browser has been closed"
6509214,"Page.goto: Target page, context or browser has been closed"
6509215,"Page.goto: Target page, context or browser has been closed"
6509216,"Page.goto: Target page, context or browser has been closed"
6509217,"Page.goto: Target page, context or browser has been closed"
6509218,"Page.goto: Target page, context or browser has been closed"
6509219,"Page.goto: Target page, context or browser has been closed"
6509221,"Page.goto: Target page, context or browser has been closed"
6509222,"Page.goto: Target page, context or browser has been closed"
6509223,"Page.goto: Target page, context or browser has been closed"
6509224,"Page.goto: Target page, context or browser has been closed"
6509225,"Page.goto: Target page, context or browser has been closed"
6509226,"Page.goto: Target page, context or browser has been closed"
6509227,"Page.goto: Target page, context or browser has been closed"
6509228,"Page.goto: Target page, context or browser has been closed"
6509230,"Page.goto: Target page, context or browser has been closed"
6509231,"Page.goto: Target page, context or browser has been closed"
6509232,"Page.goto: Target page, context or browser has been closed"
6509233,"Page.goto: Target page, context or browser has been closed"
6509234,"Page.goto: Target page, context or browser has been closed"
6509235,"Page.goto: Target page, context or browser has been closed"
6509236,"Page.goto: Target page, context or browser has been closed"
6509237,"Page.goto: Target page, context or browser has been closed"
6509239,"Page.goto: Target page, context or browser has been closed"
6509241,"Page.goto: Target page, context or browser has been closed"
6509242,"Page.goto: Target page, context or browser has been closed"
6509244,"Page.goto: Target page, context or browser has been closed"
6509245,"Page.goto: Target page, context or browser has been closed"
6509246,"Page.goto: Target page, context or browser has been closed"
6509247,"Page.goto: Target page, context or browser has been closed"
6509248,"Page.goto: Target page, context or browser has been closed"
6509249,"Page.goto: Target page, context or browser has been closed"
6509250,"Page.goto: Target page, context or browser has been closed"
6509251,"Page.goto: Target page, context or browser has been closed"
6509252,"Page.goto: Target page, context or browser has been closed"
6509253,"Page.goto: Target page, context or browser has been closed"
6509254,"Page.goto: Target page, context or browser has been closed"
6509587,"Page.goto: Target page, context or browser has been closed"
6509589,"Page.goto: Target page, context or browser has been closed"
6509591,"Page.goto: Target page, context or browser has been closed"
6509594,"Page.goto: Target page, context or browser has been closed"
6509596,"Page.goto: Target page, context or browser has been closed"
6509597,"Page.goto: Target page, context or browser has been closed"
6509601,"Page.goto: Target page, context or browser has been closed"
6509602,"Page.goto: Target page, context or browser has been closed"
6509603,"Page.goto: Target page, context or browser has been closed"
6509604,"Page.goto: Target page, context or browser has been closed"
6509605,"Page.goto: Target page, context or browser has been closed"
6509606,"Page.goto: Target page, context or browser has been closed"
6509607,"Page.goto: Target page, context or browser has been closed"
6509608,"Page.goto: Target page, context or browser has been closed"
6509610,"Page.goto: Target page, context or browser has been closed"
6509615,"Page.goto: Target page, context or browser has been closed"
6509619,"Page.goto: Target page, context or browser has been closed"
6509622,"Page.goto: Target page, context or browser has been closed"
6509625,"Page.goto: Target page, context or browser has been closed"
6509626,"Page.goto: Target page, context or browser has been closed"
6509627,"Page.goto: Target page, context or browser has been closed"
6509628,"Page.goto: Target page, context or browser has been closed"
6509629,"Page.goto: Target page, context or browser has been closed"
6509631,"Page.goto: Target page, context or browser has been closed"
6509632,"Page.goto: Target page, context or browser has been closed"
6509633,"Page.goto: Target page, context or browser has been closed"
6509634,"Page.goto: Target page, context or browser has been closed"
6509637,"Page.goto: Target page, context or browser has been closed"
6509639,"Page.goto: Target page, context or browser has been closed"
6509643,"Page.goto: Target page, context or browser has been closed"
6509646,"Page.goto: Target page, context or browser has been closed"
6509650,"Page.goto: Target page, context or browser has been closed"
6509652,"Page.goto: Target page, context or browser has been closed"
6509654,"Page.goto: Target page, context or browser has been closed"
6509661,"Page.goto: Target page, context or browser has been closed"
6509664,"Page.goto: Target page, context or browser has been closed"
6509667,"Page.goto: Target page, context or browser has been closed"
6509669,"Page.goto: Target page, context or browser has been closed"
6509670,"Page.goto: Target page, context or browser has been closed"
6509671,"Page.goto: Target page, context or browser has been closed"
6509673,"Page.goto: Target page, context or browser has been closed"
6509782,"Page.goto: Target page, context or browser has been closed"
6509783,"Page.goto: Target page, context or browser has been closed"
6509784,"Page.goto: Target page, context or browser has been closed"
6509785,"Page.goto: Target page, context or browser has been closed"
6509786,"Page.goto: Target page, context or browser has been closed"
6509787,"Page.goto: Target page, context or browser has been closed"
6509788,"Page.goto: Target page, context or browser has been closed"
6509789,"Page.goto: Target page, context or browser has been closed"
6509790,"Page.goto: Target page, context or browser has been closed"
6509791,"Page.goto: Target page, context or browser has been closed"
6509792,"Page.goto: Target page, context or browser has been closed"
6509793,"Page.goto: Target page, context or browser has been closed"
6509795,"Page.goto: Target page, context or browser has been closed"
6509796,"Page.goto: Target page, context or browser has been closed"
6509799,"Page.goto: Target page, context or browser has been closed"
6509800,"Page.goto: Target page, context or browser has been closed"
6509801,"Page.goto: Target page, context or browser has been closed"
6509802,"Page.goto: Target page, context or browser has been closed"
6509804,"Page.goto: Target page, context or browser has been closed"
6509805,"Page.goto: Target page, context or browser has been closed"
6509807,"Page.goto: Target page, context or browser has been closed"
6509809,"Page.goto: Target page, context or browser has been closed"
6509810,"Page.goto: Target page, context or browser has been closed"
6509811,"Page.goto: Target page, context or browser has been closed"
6509812,"Page.goto: Target page, context or browser has been closed"
6509813,"Page.goto: Target page, context or browser has been closed"
6509815,"Page.goto: Target page, context or browser has been closed"
6509816,"Page.goto: Target page, context or browser has been closed"
6509817,"Page.goto: Target page, context or browser has been closed"
6509819,"Page.goto: Target page, context or browser has been closed"
6509820,"Page.goto: Target page, context or browser has been closed"
6509821,"Page.goto: Target page, context or browser has been closed"
6509822,"Page.goto: Target page, context or browser has been closed"
6509823,"Page.goto: Target page, context or browser has been closed"
6509824,"Page.goto: Target page, context or browser has been closed"
6509825,"Page.goto: Target page, context or browser has been closed"
6509826,"Page.goto: Target page, context or browser has been closed"
6509828,"Page.goto: Target page, context or browser has been closed"
6509829,"Page.goto: Target page, context or browser has been closed"
6509830,"Page.goto: Target page, context or browser has been closed"
6509831,"Page.goto: Target page, context or browser has been closed"
6509832,"Page.goto: Target page, context or browser has been closed"
6509833,"Page.goto: Target page, context or browser has been closed"
6509834,"Page.goto: Target page, context or browser has been closed"
6509835,"Page.goto: Target page, context or browser has been closed"
6509837,"Page.goto: Target page, context or browser has been closed"
6509838,"Page.goto: Target page, context or browser has been closed"
6509839,"Page.goto: Target page, context or browser has been closed"
6509840,"Page.goto: Target page, context or browser has been closed"
6509841,"Page.goto: Target page, context or browser has been closed"
6509842,"Page.goto: Target page, context or browser has been closed"
6509843,"Page.goto: Target page, context or browser has been closed"
6509844,"Page.goto: Target page, context or browser has been closed"
6509845,"Page.goto: Target page, context or browser has been closed"
6509846,"Page.goto: Target page, context or browser has been closed"
6509847,"Page.goto: Target page, context or browser has been closed"
6509848,"Page.goto: Target page, context or browser has been closed"
6509849,"Page.goto: Target page, context or browser has been closed"
6509850,"Page.goto: Target page, context or browser has been closed"
6509853,"Page.goto: Target page, context or browser has been closed"
6509854,"Page.goto: Target page, context or browser has been closed"
6509856,"Page.goto: Target page, context or browser has been closed"
6509858,"Page.goto: Target page, context or browser has been closed"
6509859,"Page.goto: Target page, context or browser has been closed"
6509860,"Page.goto: Target page, context or browser has been closed"
6509861,"Page.goto: Target page, context or browser has been closed"
6509862,"Page.goto: Target page, context or browser has been closed"
6509863,"Page.goto: Target page, context or browser has been closed"
6509864,"Page.goto: Target page, context or browser has been closed"
6509865,"Page.goto: Target page, context or browser has been closed"
6509867,"Page.goto: Target page, context or browser has been closed"
6509870,"Page.goto: Target page, context or browser has been closed"
6509873,"Page.goto: Target page, context or browser has been closed"
6509874,"Page.goto: Target page, context or browser has been closed"
6509875,"Page.goto: Target page, context or browser has been closed"
6509877,"Page.goto: Target page, context or browser has been closed"
6509977,"Page.goto: Target page, context or browser has been closed"
6517059,"Page.goto: Timeout 30000ms exceeded.
Call log:
  - navigating to ""https://stats.ncaa.org/contests/6517059/individual_stats"", waiting until ""load""
"
